<Defs><ThingDef ParentName="AnimalThingBase">
    <defName>SpiderGoat</defName>
    <label>spider goat</label>
    <description>A genetically engineered goat. Spliced with spider DNA, instead of milk they produce a silk-based synthread precursor. As a living synthread making machine they are very valuable.
     
However Spider goats are a very high maintenance domestic animal and cannot survive without human care. This is due to the goat being genetically optimized to produce silk, at the detriment of other biological functions. </description>
    <statBases>
      <MoveSpeed>3.5</MoveSpeed>
      <ComfyTemperatureMin>-5</ComfyTemperatureMin>
      <ComfyTemperatureMax>30</ComfyTemperatureMax>
      <ToxicSensitivity>2.0</ToxicSensitivity>
      <MarketValue>3000</MarketValue>
      <ImmunityGainSpeed>0.5</ImmunityGainSpeed>
    </statBases>
        <comps>
      <li Class="CompProperties_Milkable">
        <milkFemaleOnly>false</milkFemaleOnly>
        <milkDef>SynthSilk</milkDef>
        <milkIntervalDays>3</milkIntervalDays>
        <milkAmount>30</milkAmount>
      </li>
    </comps>
    <verbs>
      <li>
        <verbClass>Verb_MeleeAttack</verbClass>
        <defaultCooldownTime>1.65</defaultCooldownTime>
        <meleeDamageBaseAmount>3</meleeDamageBaseAmount>
        <meleeDamageDef>Blunt</meleeDamageDef>
        <linkedBodyPartsGroup>FrontLeftLeg</linkedBodyPartsGroup>
      </li>
      <li>
        <verbClass>Verb_MeleeAttack</verbClass>
        <defaultCooldownTime>1.65</defaultCooldownTime>
        <meleeDamageBaseAmount>3</meleeDamageBaseAmount>
        <meleeDamageDef>Blunt</meleeDamageDef>
        <linkedBodyPartsGroup>FrontRightLeg</linkedBodyPartsGroup>
      </li>
    </verbs>
    <race>
    <hasGenders>false</hasGenders>
    <nuzzleMtbHours>10</nuzzleMtbHours>
      <body>QuadrupedAnimalWithHooves</body>
      <herdAnimal>true</herdAnimal>
      <baseBodySize>1.5</baseBodySize>
      <baseHungerRate>0.55</baseHungerRate>
      <baseHealthScale>0.50</baseHealthScale>
      <foodType>VegetarianRoughAnimal</foodType>
      <leatherColor>(200,100,100)</leatherColor>
      <leatherLabel>spider goathide</leatherLabel>
      <leatherInsulation>1.1</leatherInsulation>
      <manhunterOnTameFailChance>0.0</manhunterOnTameFailChance>
      <wildness>0</wildness>
      <gestationPeriodDays>22.5</gestationPeriodDays>
      <lifeExpectancy>8</lifeExpectancy>
      <lifeStageAges>
        <li>
          <def>AnimalBaby</def>
          <minAge>0</minAge>
        </li>
        <li>
          <def>AnimalJuvenile</def>
          <minAge>0.25</minAge>
        </li>
        <li>
          <def>AnimalAdult</def>
          <minAge>0.8</minAge>
          <soundWounded>Pawn_Deer_Wounded</soundWounded>
          <soundDeath>Pawn_Deer_Death</soundDeath>
          <soundCall>Pawn_Deer_Call</soundCall>
          <soundAngry>Pawn_Deer_Angry</soundAngry>
        </li>
      </lifeStageAges>
      <soundMeleeHitPawn>Pawn_Melee_BigBash_HitPawn</soundMeleeHitPawn>
      <soundMeleeHitBuilding>Pawn_Melee_BigBash_HitBuilding</soundMeleeHitBuilding>
      <soundMeleeMiss>Pawn_Melee_BigBash_Miss</soundMeleeMiss>
    </race>
    <tradeTags>
      <li>StandardAnimal</li>
    </tradeTags>
  </ThingDef>

  <PawnKindDef ParentName="AnimalKindBase">
    <defName>SpiderGoat</defName>
    <label>spider goat</label>
    <labelPlural>spider goats</labelPlural>
    <race>SpiderGoat</race>
    <combatPower>20</combatPower>
    <wildSpawn_spawnWild>false</wildSpawn_spawnWild>
    <lifeStages>
      <li>
    <label>spider kid</label>
    <labelPlural>spider kids</labelPlural>
        <bodyGraphicData>
          <texPath>Things/spidergoat</texPath>
          <drawSize>2</drawSize>
      <color>(255,255,255)</color>
          <shaderType>Cutout</shaderType>
        </bodyGraphicData>
        <dessicatedBodyGraphicData>
          <texPath>Things/Pawn/Animal/Dessicated/CritterDessicatedMedium</texPath>
          <drawSize>1</drawSize>
        </dessicatedBodyGraphicData>
      </li>
      <li>
    <label>spider kid</label>
    <labelPlural>spider kids</labelPlural>
        <bodyGraphicData>
          <texPath>Things/spidergoat</texPath>
          <drawSize>2</drawSize>
          <color>(255,255,255)</color>
          <shaderType>Cutout</shaderType>
        </bodyGraphicData>
        <dessicatedBodyGraphicData>
          <texPath>Things/Pawn/Animal/Dessicated/CritterDessicatedMedium</texPath>
          <drawSize>2.5</drawSize>
        </dessicatedBodyGraphicData>
      </li>
      <li>
        <bodyGraphicData>
          <texPath>Things/spidergoat</texPath>
          <drawSize>3</drawSize>
      <color>(255,255,255)</color>
          <shaderType>Cutout</shaderType>
        </bodyGraphicData>
        <dessicatedBodyGraphicData>
          <texPath>Things/Pawn/Animal/Dessicated/CritterDessicatedMedium</texPath>
          <drawSize>3</drawSize>
        </dessicatedBodyGraphicData>
      </li>
    </lifeStages>
  </PawnKindDef>    
</Defs>