<Defs> <ThingDef ParentName="ResourceBase">
    <defName>SynthSilk</defName>
    <label>spider goat silk</label>
    <description>Genetically engineered spider(goat) silk, this polymer can be woven and refined into synthread.</description>
    <graphicData>
        <texPath>Things/Item/Resource/Wool</texPath>
      <graphicClass>Graphic_Single</graphicClass>
    </graphicData>
    <statBases>
      <MaxHitPoints>75</MaxHitPoints>
      <MarketValue>3</MarketValue>
      <Mass>0.025</Mass>
      <Flammability>1.0</Flammability>
      <DeteriorationRate>3</DeteriorationRate>
    </statBases>
    <thingCategories>
      <li>Textiles</li>
    </thingCategories>
  </ThingDef>
  </Defs>